Protein1,SeqPos1,LinkedRes1,Protein2,SeqPos2,LinkedRes2,Highest Score,Match Count,DecoyType,EuclideanDistance,RestraintSatisfied
O32165,20,K,O32165,61,K,30.79,9,TT,15.755,True
O32165,15,K,O32165,28,K,26.58,7,TT,6.923,True
O32165,45,K,O32165,50,K,25.66,10,TT,7.513,True
O32165,6,K,O32165,145,K,24.2,1,TT,13.022,True
P80866,2,A,P80866,29,K,23.47,8,TT,9.741,True
O32162,163,K,O32162,305,K,22.68,5,TT,14.126,True
O32162,18,K,O32165,45,K,22.56,2,TT,52.204,False
P80866,18,K,P80866,56,K,21.9,3,TT,11.559,True
O32165,343,K,P80866,56,K,21.34,3,TT,46.128,False
O32162,321,K,O32162,383,K,21.2,1,TT,9.400,True
O32162,18,K,O32162,31,K,20.61,3,TT,29.293,True
P80866,228,K,P80866,247,K,20.6,1,TT,10.664,True
O32165,400,K,P80866,56,K,17.51,15,TT,16.580,True
O32162,330,K,O32165,48,K,17.49,1,TT,16.266,True
O32162,4,K,O32162,18,K,17.27,10,TT,30.980,False
P80866,121,K,P80866,192,K,16.35,1,TT,19.306,True
P80866,184,K,P80866,192,K,15.96,1,TT,12.228,True
O32165,311,K,P80866,56,K,15.69,1,TT,50.076,False
O32162,105,K,O32162,321,K,15.47,1,TT,25.428,True
O32162,305,K,O32162,365,K,15.25,5,TT,9.897,True
P80866,56,K,P80866,153,K,15.17,1,TT,23.586,True
O32162,365,K,O32165,358,K,15.15,13,TT,10.766,True
O32162,252,K,O32162,305,K,14.88,1,TT,10.419,True
O32165,324,K,O32165,358,K,13.15,2,TT,7.982,True
O32162,4,K,O32165,45,K,11.56,1,TT,60.243,False
O32162,321,K,O32162,349,K,10.96,1,TT,6.861,True
O32162,4,K,O32162,321,K,10.32,1,TT,27.162,True
O32162,4,K,O32162,349,K,10.03,1,TT,28.173,True
